question_id,question,status,analyst_tokens,analyst_rupees,audit_tokens,audit_rupees,total_rupees,duration_ms,supported,unsupported,contradicted,memory_hit
15,"Who is the current CEO of Tata Consultancy Services, and when did they take the role?",ok,5825,0.2719,3166,0.1020,0.3739,13049,1,0,0,no
16,Who is the current chairman of Tata Sons?,ok,8526,0.3364,5997,0.1914,0.5278,16215,2,0,0,no
17,What year was Zerodha founded and who founded it?,ok,6654,0.2845,3581,0.1094,0.3939,10257,1,0,0,no
19,What was Salil Parekh's previous role before joining Infosys?,ok,6320,0.4503,12962,0.4150,0.8653,14117,4,0,0,yes
20,Which three Indian jewellery retailers opened the most new stores in the last two years?,ok,12492,0.5650,0,0.0000,0.5650,10670,0,0,0,no
21,"List every company that raised funding in Indian quick commerce since January, with amounts, investors and dates.",ok,17223,0.8963,29324,1.0777,1.9740,36397,8,1,0,no
28,Kalyan Jewellers was mentioned earlier — has it had any leadership or CEO changes in the past year?,ok,6268,0.4869,16954,0.5649,1.0518,21158,6,0,0,yes
29,"For Zepto, find its current head of engineering, when they joined, and where they worked before.",ok,5442,0.2552,3614,0.1099,0.3651,16158,1,0,0,yes
30,Which Indian quick-commerce company has never raised any funding?,ok,12378,0.3932,0,0.0000,0.3932,6488,0,0,0,yes
31,Yash Dayal was mentioned earlier as Zepto's head of engineering — where did he work before Zepto?,ok,6413,0.7067,18094,0.5869,1.2936,16773,7,0,0,yes
32,"Who is the current CEO of Wipro, and when did they take the role?",ok,6913,0.3478,6986,0.2367,0.5845,15325,2,1,0,no
33,"Who is the current CEO of Wipro, and when did they take the role?",ok,8083,0.4322,4170,0.1533,0.5854,14876,2,0,0,no
